{"cameraMode":{"drawMode":0,"name":"Shaded","section":"Shading Mode"},"sceneLighting":true,"audioPlay":false,"sceneViewState":{"showFog":true,"showMaterialUpdate":false,"showSkybox":true,"showFlares":true,"showImageEffects":true,"showParticleSystems":true},"in2DMode":false,"pivot":{"x":-1.853879690170288,"y":0.9787263870239258,"z":5.401269435882568},"rotation":{"x":-0.4694650173187256,"y":0.07269075512886048,"z":-0.03881895914673805,"w":-0.8790971636772156},"size":24.101186752319337,"orthographic":true}