{"cameraMode":{"drawMode":0,"name":"Shaded","section":"Shading Mode"},"sceneLighting":false,"audioPlay":false,"sceneViewState":{"showFog":true,"showMaterialUpdate":false,"showSkybox":false,"showFlares":true,"showImageEffects":true,"showParticleSystems":true},"in2DMode":false,"pivot":{"x":44.79999923706055,"y":60.29999923706055,"z":250.3000030517578},"rotation":{"x":0.008381103165447712,"y":0.9915195107460022,"z":-0.09848234802484513,"w":0.08438098430633545},"size":15.098432540893555,"orthographic":true}